id,domain,text
S001,school,"ថ្ងៃស្អែក ខ្ញុំមាន presentation សម្រាប់មុខវិជ្ជា AI។"
S002,school,"អ្នកគ្រូបានផ្ញើ homework ថ្មីក្នុង Telegram group។"
S003,school,"ខ្ញុំត្រូវសរសេរ report មួយសម្រាប់ project ចុងក្រោយ។"
S004,school,"យប់មិញខ្ញុំ study ដល់ម៉ោងយប់ ព្រោះមាន exam ព្រឹកនេះ។"
S005,school,"ពេល online class ខ្លះ ខ្ញុំមិនសូវស្តាប់ព្រោះ internet មិនល្អ។"
S006,school,"ក្រុមខ្ញុំមិនទាន់ត្រៀម group presentation រួចទេ។"
S007,school,"សូម upload ឯកសាររបស់អ្នកឡើង Google Drive មុន deadline។"
S008,school,"ថ្ងៃស្អែកយើងមាន lab session សម្រាប់មុខវិជ្ជា Programming។"
S009,work,"ថ្ងៃនេះមាន meeting ពេលម៉ោងបីកន្លះល្ងាច។"
S010,work,"ខ្ញុំមិនទាន់ចប់ report ទេ ប៉ុន្តែ deadline ជាពេលយប់នេះ។"
S011,work,"អ្នកម៉ាឲ្យខ្ញុំ update ការងារទាំងអស់ក្នុង email។"
S012,work,"ពេល Zoom meeting មាន background noise ច្រើនណាស់។"
S013,work,"សូម share screen បង្ហាញ slides ទៅក្រុម។"
S014,work,"ខ្ញុំត្រូវ work overtime ព្រោះ project នេះជិត deadline ហើយ។"
S015,work,"យើងមាន team building ខែក្រោយ នៅខេត្ត។"
S016,work,"ក្នុង office ពេលព្រឹកៗគេលេងចម្រៀងដើម្បីបង្កើន motivation។"
S017,tech,"ខ្ញុំ scroll Facebook រាល់ព្រឹក មុនទៅរៀន។"
S018,tech,"ខ្ញុំលេង TikTok រហូតដល់ភ្លេចធ្វើ homework។"
S019,tech,"សូម check notification នៅលើទូរស័ព្ទមើល មានអ្វីថ្មី។"
S020,tech,"ខ្ញុំពិបាក login ចូល account email ព្រោះខ្ញុំភ្លេច password។"
S021,school,"ថ្ងៃស្អែកមាន quiz ប៉ុន្តែខ្ញុំនៅមិនទាន់ review ផង។"
S022,tech,"ពេល internet យឺត ខ្ញុំមិនអាចមើល video បានស្រួលទេ។"
S023,tech,"ខ្ញុំចូលចិត្តថត vlog ហើយបង្ហោះលើ Instagram។"
S024,tech,"ខ្ញុំត្រូវ update software នៅលើកុំព្យូទ័រ ព្រោះមាន error។"
S025,school,"តើអ្នកណា​អាចធ្វើ slides ហើយខ្ញុំនឹង demo ក្នុង class ថ្ងៃសៅរ៍?"
S026,work,"ថ្ងៃនេះមាន meeting ដើម្បី discuss progress project របស់យើង។"
S027,tech,"ខ្ញុំត្រូវ troubleshoot បញ្ហា network ព្រោះ connection មិនល្អ។"
S028,tech,"ខ្ញុំចង់រៀន coding ប៉ុន្តែខ្ញុំមិនដឹងចាប់ផ្តើមពីណា។"
S029,tech,"ខ្ញុំត្រូវ install antivirus software ថ្មី ព្រោះកុំព្យូទ័ររបស់ខ្ញុំមាន virus។"
S030,work,"ខ្ញុំត្រូវ prepare presentation សម្រាប់ client meeting ថ្ងៃស្អែក។"
S031,school,"មិត្តរួមថ្នាក់ខ្លះ cheat ក្នុង exam តែខ្ញុំមិនហ៊ានទេ។"
S032,school,"អ្នកអាច send slide files មកខ្ញុំតាម email បានទេ?"
S033,school,"គ្រូសុំអោយយើង join Google Meet មុនពេល class ចាប់ផ្តើម។"
S034,school,"ពេល exam ខ្ញុំហ៊ានមើល note តិចតួចនៅលើ phone។"
S035,school,"យើងត្រូវ finalize group report មុនម៉ោង ៥ ល្ងាច។"
S036,school,"ថ្ងៃសៅរ៍នេះយើងមាន extra class online សម្រាប់ revision។"
S037,school,"ខ្ញុំតែងតែមើល lecture recording មុន exam។"
S038,school,"គាត់បាន upload answer key ឡើង Google Classroom។"
S039,work,"boss ខ្ញុំសុំអោយ prepare KPI report សម្រាប់ monthly meeting។"
S040,work,"ថ្ងៃនេះខ្ញុំមាន two meetings តភ្ជាប់គ្នា ទាំង online ទាំង in-person។"
S041,work,"យើងត្រូវ send proposal ទៅ client មុន Friday deadline។"
S042,work,"ពេល meeting member ខ្លះភ្លេច mute microphone។"
S043,work,"ខ្ញុំប្រើ Excel ដើម្បី track task និង progress របស់ក្រុម។"
S044,work,"បន្ទាប់ពី lunch យើងមាន short meeting មួយទៀត។"
S045,work,"យប់មិញខ្ញុំ stay late នៅ office ដើម្បី finish project។"
S046,work,"ក្រុមយើង plan ប្រើ Slack ជា main communication tool។"
S047,tech,"ខ្ញុំចូលចិត្ត listen music នៅលើ YouTube ពេល coding។"
S048,tech,"យប់ៗខ្ញុំមើល YouTube video មុនចូលគេង។"
S049,tech,"ខ្ញុំភ្លេច save file មុន computer crash។"
S050,tech,"សូម restart router ម្តង មើលថា internet វាដើរ ឬអត់។"
S051,tech,"ខ្ញុំភ្លេច update app មួយចំនួនក្នុង phone ខ្ញុំ។"
S052,tech,"ខ្ញុំ backup រូបថតទៅ Google Photos រាល់ខែ។"
S053,tech,"ពេលមាន video ថ្មី មិត្តភក្តិខ្ញុំតែងតែ share ក្នុង Messenger group។"
S054,tech,"ខ្ញុំប្រើ dark mode ស្ទើរតែគ្រប់ app។"
S055,tech,"ខ្ញុំកំពុង edit video មួយ ដើម្បី upload លើ Facebook។"
S056,school,"ខ្ញុំបាន join study group ថ្មីក្នុង Telegram ដើម្បី discuss homework។"
S057,school,"ពេលខ្លះខ្ញុំ copy notes ពី friend ព្រោះខ្ញុំ miss class។"
S058,school,"teacher សុំអោយ submit assignment តាម Google Form។"
S059,school,"ពេលចូល class ខ្ញុំតែងតែបើក laptop ដើម្បី take notes។"
S060,school,"បន្ទាប់ពី exam យើងទៅផឹក coffee ជាមួយគ្នា។"
S061,work,"ក្រុមយើងមាន weekly standup meeting រៀងរាល់ព្រឹកចន្ទ។"
S062,work,"ខ្ញុំបាន receive feedback ពី boss អំពី last presentation។"
S063,work,"យើងត្រូវ adjust project timeline ព្រោះមាន delay។"
S064,work,"ខ្ញុំបាន send follow-up email ទៅ client បន្ទាប់ពី meeting។"
S065,work,"company យើង plan to move office ទៅ location ថ្មី។"
S066,tech,"ខ្ញុំមើល tutorial video នៅ YouTube ដើម្បីរៀន new framework។"
S067,tech,"ពេល download file ធំៗ ខ្ញុំ តែងតែប្រើ IDM។"
S068,tech,"ខ្ញុំចូលចិត្ត chat តាម Messenger ជាង phone call។"
S069,tech,"ខ្ញុំតែងតែ clear cache ពេល browser slow។"
S070,work,"យើងត្រូវ submit report នេះមុនម៉ោង ៥ ល្ងាច។"
S071,work,"boss ចង់អោយយើង brainstorm idea ថ្មីសម្រាប់ marketing campaign។"
S072,work,"សូម forward email នោះមកខ្ញុំ ដើម្បីខ្ញុំ double check។"
S073,work,"team ខាង IT កំពុង fix system error ឥឡូវនេះ។"
S074,work,"ថ្ងៃនេះរវល់ណាស់ ខ្ញុំមាន client meeting ពេញមួយព្រឹក។"
S075,work,"ខ្ញុំសុំ take leave មួយថ្ងៃ ព្រោះមានធុរៈផ្ទាល់ខ្លួន។"
S076,work,"កុំភ្លេច update status នៅក្នុង Trello board ផង។"
S077,work,"ក្រុមហ៊ុនយើងនឹងមាន annual party នៅចុងខែនេះ។"
S078,work,"manager បាន assign task ថ្មីអោយក្រុមយើងធ្វើបន្ត។"
S079,work,"ពេល present កុំភ្លេច highlight ចំណុចសំខាន់ៗប្រាប់ភ្ញៀវ។"
S080,school,"ខ្ញុំកំពុងស្រាវជ្រាវ paper ថ្មីៗសម្រាប់ literature review។"
S081,school,"semester នេះ ខ្ញុំយក credit ច្រើនពេក រាងហត់បន្តិច។"
S082,school,"សុំខ្ចី flash drive បន្តិច ដើម្បី copy មេរៀនសិន។"
S083,school,"group ពួកយើងត្រូវធ្វើ research paper លើប្រធានបទ AI។"
S084,school,"ថ្ងៃស្អែក deadline submit assignment ហើយ ខ្ញុំទើបតែចាប់ផ្តើម។"
S085,school,"teacher នឹងអោយពិន្ទុ bonus សម្រាប់អ្នកណាដែល volunteer។"
S086,school,"ខ្ញុំត្រូវ print handout មុនពេលចូលរៀន។"
S087,school,"midterm លើកនេះ សំណួរពិបាកណាស់ ធ្វើសឹងមិនទាន់។"
S088,school,"យើងត្រូវ prepare speech សម្រាប់សប្តាហ៍ក្រោយ។"
S089,school,"មានអ្នកណា record សំឡេងពេល lecture ទេ សុំ share ផង។"
S090,tech,"wifi នៅទីនេះ slow ណាស់ download file អត់ដើរទេ។"
S091,tech,"ខ្ញុំទើបតែ install iOS ថ្មី មាន feature ឡូយៗច្រើន។"
S092,tech,"keyboard របស់ខ្ញុំខូច key space អក្សរវាយមិនសូវចេញ។"
S093,tech,"battery ទូរស័ព្ទខ្ញុំកាន់តែខ្សោយ ត្រូវដូរថ្មីហើយ។"
S094,tech,"app នេះ ត្រូវ create account សិន ទើបអាចប្រើបាន។"
S095,tech,"ខ្ញុំកំពុង stream ហ្គេមនៅលើ Twitch។"
S096,tech,"កុំភ្លេច turn on notification ដើម្បីទទួលបានព័ត៌មានថ្មីៗ។"
S097,tech,"ខ្ញុំចង់ upgrade RAM កុំព្យូទ័រ ដើម្បីអោយវាដើរលឿនជាងមុន។"
S098,tech,"ពេលបើក tab ច្រើនពេក browser ចាប់ផ្តើមគាំង។"
S099,tech,"សូម click link ខាងក្រោម ដើម្បី join group telegram។"
S100,work,"ខែនេះក្រុមហ៊ុនអត់ទាន់បើក salary អោយយើងទេ។"
S101,work,"ខ្ញុំបាន send CV ទៅ HR សម្រាប់ position ថ្មី។"
S102,work,"boss ទើបតែ approve budget សម្រាប់ project នេះ។"
S103,work,"ឯកសារនេះនៅ pending មិនទាន់មាន signature ទេ។"
S104,work,"ថ្ងៃស្អែកខ្ញុំមាន interview ជាមួយ manager ថ្មី។"
S105,work,"សូមជួយ scan document នេះហើយផ្ញើតាម email។"
S106,work,"marketing team កំពុងតែរៀបចំ promotion ថ្មីសម្រាប់ខែក្រោយ។"
S107,work,"យើងមិនទាន់ hit target sales ប្រចាំខែនេះទេ។"
S108,work,"សូម book meeting room មួយម៉ោងសម្រាប់យើងពិភាក្សាគ្នា។"
S109,work,"projector ក្នុងបន្ទប់ប្រជុំខូចហើយ ត្រូវហៅជាងមកមើល។"
S110,work,"client គាត់ reject proposal យើងដោយសារតម្លៃថ្លៃពេក។"
S111,work,"ខ្ញុំទើបតែ request សុំដូរ shift ធ្វើការជាមួយមិត្តភក្តិ។"
S112,work,"បើអ្នកធ្វើការ overtime ច្រើន ប្រយ័ត្នប៉ះពាល់ដល់សុខភាព។"
S113,work,"ខ្ញុំមិនចង់លឺ negative feedback ពីភ្ញៀវទៀតទេ។"
S114,work,"អ្នកអាច draft email ជាភាសាអង់គ្លេសអោយខ្ញុំបានទេ?"
S115,work,"supervisor គាត់តែងតែ support ខ្ញុំពេលមានបញ្ហា។"
S116,work,"ខ្ញុំកំពុងរង់ចាំ confirmation ពីខាងគណនេយ្យ។"
S117,work,"កុំភ្លេច double check មុនពេល submit របាយការណ៍ទៅប្រធាន។"
S118,work,"team យើងត្រូវការ resources បន្ថែមដើម្បីបញ្ចប់ការងារនេះ។"
S119,work,"ប្រធានបាន schedule meeting ម្តងទៀតនៅសប្តាហ៍ក្រោយ។"
S120,work,"សូមធ្វើការ update contact list នៅក្នុងប្រព័ន្ធផង។"
S121,work,"ក្រុមហ៊ុននឹងផ្តល់ bonus សម្រាប់បុគ្គលិកឆ្នើមចុងឆ្នាំ។"
S122,work,"អ្នកត្រូវមាន professional skill សម្រាប់ការងារនេះ។"
S123,work,"ថ្ងៃនេះយើងមាន training ពីការប្រើប្រាស់ software ថ្មី។"
S124,work,"ខ្ញុំមានអារម្មណ៍ថា stress ខ្លាំងដោយសារ workload ច្រើនពេក។"
S125,work,"សូម save copy ទុកមួយទៀតក្រែងលោបាត់ original file។"
S126,work,"យើងត្រូវ focus ទៅលើ customer service អោយបានច្រើន។"
S127,work,"អ្នកណាជាអ្នក in charge ក្នុងគម្រោងសាងសង់មួយនេះ?"
S128,work,"ខ្ញុំបាន note ចំណុចសំខាន់ៗពេលប្រជុំរួចរាល់ហើយ។"
S129,work,"នេះជា policy ថ្មីរបស់ក្រុមហ៊ុនដែលគ្រប់គ្នាត្រូវគោរពតាម។"
S130,school,"ខ្ញុំដាក់ពាក្យសុំ scholarship ទៅរៀននៅបរទេស។"
S131,school,"ឆ្នាំនេះខ្ញុំត្រូវសរសេរ thesis ដើម្បីបញ្ចប់បរិញ្ញាបត្រ។"
S132,school,"ខ្ញុំមានអារម្មណ៍ភ័យណាស់ពេលត្រូវធ្វើ thesis defense ស្អែកនេះ។"
S133,school,"មុខវិជ្ជានេះពិបាកពេក ខ្ញុំគិតថាចង់ drop វាចោល។"
S134,school,"បើអ្នកប្រឡង fail អ្នកត្រូវតែ retake class នេះម្តងទៀត។"
S135,school,"គ្រូបានចែក syllabus សម្រាប់ឆមាសថ្មីនេះហើយ។"
S136,school,"ខ្ញុំទើបតែ register មុខវិជ្ជាបន្ថែមសម្រាប់រៀនថ្ងៃសៅរ៍។"
S137,school,"សូមកុំភ្លេចយក student ID មកជាមួយពេលចូលប្រឡង។"
S138,school,"យើងគួរតែទៅ library ដើម្បីរកសៀវភៅអានបន្ថែម។"
S139,school,"ខ្ញុំត្រូវសរសេរ summary ខ្លីមួយពីអត្ថបទដែលបានអាន។"
S140,school,"សុំជួយ review អត្ថបទអោយខ្ញុំផង ក្រែងលោមានកំហុស។"
S141,school,"presentation របស់យើងត្រូវមាន introduction ច្បាស់លាស់។"
S142,school,"topic នេះគួរឱ្យចាប់អារម្មណ៍ណាស់ សម្រាប់ធ្វើស្រាវជ្រាវ។"
S143,school,"គ្រូគាត់ focus ទៅលើ main point ជាជាងការពន្យល់វែងឆ្ងាយ។"
S144,school,"តើអ្នកបានដឹង score នៃការប្រឡងកាលពីសប្តាហ៍មុនទេ?"
S145,school,"ខ្ញុំចង់បាន grade A សម្រាប់មុខវិជ្ជាគណិតវិទ្យា។"
S146,school,"graduation ceremony នឹងធ្វើឡើងនៅខែតុលាខាងមុខនេះ។"
S147,school,"ក្រុមខ្ញុំខ្វះ member ម្នាក់ទៀតសម្រាប់ធ្វើកិច្ចការនេះ។"
S148,school,"អ្នកអាចពន្យល់ theory នេះម្តងទៀតបានទេ?"
S149,school,"ខ្ញុំចូលចិត្តរៀន practical ជាងការអង្គុយស្តាប់តែទ្រឹស្តី។"
S150,school,"ថ្ងៃស្អែកមហាវិទ្យាល័យមានរៀបចំ workshop អំពីបច្ចេកវិទ្យា។"
S151,school,"semester break នេះខ្ញុំមានគម្រោងទៅដើរលេងខេត្ត។"
S152,school,"យើងត្រូវធ្វើ reference អោយបានត្រឹមត្រូវពេលសរសេររបាយការណ៍។"
S153,school,"មិត្តភក្តិខ្ញុំគាត់ចង់ដូរ major ទៅរៀនខាងសេដ្ឋកិច្ចវិញ។"
S154,school,"កុំចាំដល់ជិត deadline ទើបចាប់ផ្តើមធ្វើអី វាមិនទាន់ទេ។"
S155,school,"ខ្ញុំបាន download paper ពីអ៊ីនធឺណិតមកអានបន្ថែម។"
S156,school,"ថ្ងៃនេះខ្ញុំអត់បានចូលរៀនទេ ព្រោះអត់មានកង់ជិះទៅ campus។"
S157,school,"សុំជួយ send link zoom មកអោយខ្ញុំផង។"
S158,school,"តើ project នេះជាការងារ group ឬក៏ individual?"
S159,school,"ខ្ញុំត្រូវប្រញាប់ទៅ submit ឯកសារនៅការិយាល័យសិក្សា។"
S160,tech,"ខ្ញុំកំពុងរកទិញ external hard drive ថ្មីមួយ។"
S161,tech,"ទិន្នន័យទាំងអស់គួរតែ save ចូលក្នុង cloud ដើម្បីសុវត្ថិភាព។"
S162,tech,"database របស់យើងមានបញ្ហា ទើបអតិថិជនចូលមិនបាន។"
S163,tech,"server កំពុងតែ down អញ្ចឹងវេបសាយដើរយឺតណាស់។"
S164,tech,"ខ្ញុំចូលចិត្ត design frontend ជាងធ្វើការជាមួយ backend។"
S165,tech,"UI/UX design នៃកម្មវិធីនេះមើលទៅរាងស្មុគស្មាញបន្តិច។"
S166,tech,"ពេលខ្ញុំសរសេរ code ខ្ញុំតែងតែស្តាប់ចម្រៀងបណ្តើរ។"
S167,tech,"ខ្ញុំរកឃើញ bug មួយចំនួននៅក្នុង version ថ្មីនេះ។"
S168,tech,"developer កំពុងតែព្យាយាម fix បញ្ហានេះអោយបានលឿន។"
S169,tech,"យើងនឹង deploy កម្មវិធីនេះនៅចុងសប្តាហ៍។"
S170,tech,"សូមជួយ test មើលថា function នេះដើរស្រួលឬអត់។"
S171,tech,"ក្រុមហ៊ុនទើបតែ release update ថ្មីសម្រាប់កម្មវិធីនេះ។"
S172,tech," account ហ្វេសប៊ុករបស់គាត់ត្រូវបានគេ hack កាលពីម្សិលមិញ។"
S173,tech,"ប្រយ័ត្នមានគេបោកប្រាស់ ឥឡូវសំបូរ scammer ណាស់។"
S174,tech,"ខ្ញុំត្រូវ block លេខទូរស័ព្ទមួយនេះ ព្រោះរំខានពេក។"
S175,tech,"សូមជួយ like និង share post នេះទៅកាន់មិត្តភក្តិផង។"
S176,tech,"កុំភ្លេច subscribe channel YouTube របស់ខ្ញុំម្នាក់មួយផង។"
S177,tech,"អ្នកអាចដាក់ link នៅក្នុង bio នៃ account Instagram បាន។"
S178,tech,"profile picture ថ្មីរបស់អ្នកមើលទៅឡូយណាស់។"
S179,tech,"អក្សរខ្មែរនៅជាប់គ្នាពេក ពិបាកអាននៅលើ screen ទូរស័ព្ទ។"
S180,tech,"ខ្ញុំប្រើ VPN ដើម្បីការពារឯកជនភាពនៅលើអុីនធឺណិត។"
S181,tech,"អ្នកអាច download កម្មវិធីនេះបានដោយ free នៅលើ App Store។"
S182,tech,"កុំចុចលើ link ដែលមិនស្គាល់ ប្រយ័ត្នឆ្លង virus កុំព្យូទ័រ។"
S183,tech,"ខ្ញុំភ្លេច password អញ្ចឹងខ្ញុំត្រូវចុច reset វិញ។"
S184,tech,"memory ទូរស័ព្ទពេញហើយ ខ្ញុំត្រូវលុបរូបខ្លះចោល។"
S185,tech,"app នេះតែងតែ crash ពេលខ្ញុំព្យាយាមបើកកាមេរ៉ា។"
S186,tech,"តើអ្នកដឹងពីរបៀប setup printer ថ្មីនេះទេ?"
S188,tech,"ខ្ញុំត្រូវ type ឯកសារនេះជាភាសាខ្មែរ អោយបានលឿន។"
S189,tech,"voice search feature ពិតជាមានភាពងាយស្រួលខ្លាំងណាស់។"
S242,work,"ខែនេះយើងត្រូវប្រជុំរឿង KPI និង target sales របស់ team នីមួយៗ។"
S243,work,"ខាងគណនេយ្យសុំអោយភ្ជាប់ invoice ជាមួយ payment voucher មុននឹងសុំ approve។"
S244,work,"marketing campaign លើកនេះ យើងនឹង focus ទៅលើ digital advertising ច្រើនជាងមុន។"
S245,work,"customer គាត់ complain ថាសេវាកម្មយើងយឺត អញ្ចឹងយើងត្រូវរក solution ជាបន្ទាន់។"
S246,work,"យើងត្រូវការ budget ច្រើនសម្រាប់រៀបចំ event នៅខែក្រោយ។"
S247,work,"HR កំពុងតែរៀបចំ onboarding session សម្រាប់ staff ថ្មី។"
S248,work,"ឯកសារនេះជា confidential អញ្ចឹងមិនអាច forward អោយអ្នកក្រៅក្រុមហ៊ុនបានទេ។"
S249,work,"ឆ្នាំនេះក្រុមហ៊ុនមាន policy ថ្មីទាក់ទងនឹង annual leave និង sick leave។"
S250,work,"ខ្ញុំទើបតែផ្ញើ quotation ទៅអោយ client ឥឡូវចាំតែគាត់ confirm ទេ។"
S251,work,"supplier គាត់ប្រាប់ថាទំនិញ out of stock អាចនឹង delay មួយអាទិត្យទៀត។"
S252,work,"profit margin របស់យើងខែនេះរាងធ្លាក់ចុះ ដោយសារ operation cost ឡើងថ្លៃ។"
S253,work,"សូមជួយ check inventory ផង មើលថាសល់ stock ប៉ុន្មានទៀត។"
S254,work,"director សុំអោយយើងធ្វើ weekly report បង្ហាញពី progress នៃការងារ។"
S255,work,"អ្នកអាចជួយ review draft contract នេះបន្តិចបានទេ មុននឹង print អោយសញ្ញេ។"
S256,work,"ក្រុមហ៊ុនយើងកំពុងតែរក partner ថ្មីដើម្បីពង្រីក market ទៅតាមខេត្ត។"
S257,work,"manager គាត់អោយ feedback មកវិញថា proposal នេះត្រូវកែ content ខ្លះ។"
S258,work,"ថ្ងៃនេះខ្ញុំមាន meeting ជាមួយ investor ដើម្បី present ពី business plan របស់យើង។"
S259,work,"ខាង operation team ត្រូវការ manpower បន្ថែមសម្រាប់ធ្វើការ project នេះ។"
S260,work,"សូមប្រមូល feedback ពី user មកវិភាគ ដើម្បី improve product របស់យើង។"
S261,work,"ខែក្រោយយើងនឹងមាន audit ពីខាងក្រៅ ដូច្នេះត្រូវរៀបចំ document អោយហើយ។"
S262,work,"តើអ្នកណាជាអ្នក handle account មួយនេះ?"
S263,work,"យើងត្រូវ build connection អោយបានច្រើនពេលទៅចូលរួម networking event។"
S264,work,"ថ្ងៃនេះប្រព័ន្ធ system របស់ធនាគារមានការ maintenance ទើប transfer លុយអត់បាន។"
S265,work,"អ្នកអាច scan QR code នេះដើម្បីធ្វើការ payment បាន។"
S266,work,"commission សម្រាប់ខែនេះ នឹងត្រូវបូកបញ្ចូលក្នុង payroll តែម្តង។"
S267,work,"មុននឹង launch product ថ្មី យើងត្រូវធ្វើ market research អោយបានច្បាស់លាស់។"
S268,work,"ខ្ញុំសុំ claim លុយសាំងនិងថ្លៃធ្វើដំណើរសម្រាប់ចុះ site កាលពីសប្តាហ៍មុន។"
S269,work,"ឥឡូវនេះការប្រកួតប្រជែងលើទីផ្សារមានការកើនឡើង ដូច្នេះយើងត្រូវមាន strategy ល្អ។"
S270,work,"តើក្រុមហ៊ុនមានផ្តល់ insurance សម្រាប់បុគ្គលិកដែរឬទេ?"
S271,work,"boss ចង់ឃើញ data analysis ទាក់ទងនឹងការលក់ក្នុងត្រីមាសទីមួយ។"
S272,tech,"វីដេអូនេះ viral ខ្លាំងណាស់ ត្រឹមតែមួយយប់សោះ view ឡើងជាងមួយលាន។"
S273,tech,"content creator ឥឡូវរកលុយបានច្រើនតាមរយៈ sponsor និងការផ្សាយពាណិជ្ជកម្ម។"
S274,tech,"ពេលថត vlog កុំភ្លេចបើក stabilizer ផង កុំអោយវីដេអូវាញ័រពេក។"
S275,tech,"ខ្ញុំប្រើ Lightroom ដើម្បី edit ពណ៌រូបថតមុននឹង post ចូល Instagram។"
S276,tech,"algorithm របស់ TikTok ឥឡូវរុញតែវីដេអូណាដែលមាន watch time ខ្ពស់ទេ។"
S277,tech,"caption មួយនេះមើលទៅរាងវែងពេក គួរតែសរសេរអោយ short and sweet វិញ។"
S278,tech,"channel YouTube របស់គាត់ទើបតែបាន silver play button។"
S279,tech,"សូមចុច subscribe និង turn on bell notification ដើម្បីកុំអោយរំលងវីដេអូថ្មីៗ។"
S280,tech,"ខ្ញុំកំពុងតែ render វីដេអូ ប្រហែលជាកន្លះម៉ោងទៀតទើបរួច។"
S281,tech,"thumbnail នៃវីដេអូនេះទាក់ទាញខ្លាំង ទើប click-through rate ឡើងខ្ពស់។"
S282,tech,"ខ្ញុំទើបតែទិញ microphone ថ្មី សម្រាប់ធ្វើ podcast សប្តាហ៍ក្រោយ។"
S283,tech,"influencer ម្នាក់នេះមាន engagement ល្អណាស់ ពេលគាត់ live លក់អីវ៉ាន់ម្តងៗ។"
S284,tech,"ទូរស័ព្ទខ្ញុំ update ទៅ iOS ថ្មីហើយ តែមានអារម្មណ៍ថា battery ឆាប់អស់ជាងមុន។"
S285,tech,"អេក្រង់ laptop ខ្ញុំខូច pixel មួយគ្រាប់ មើលទៅរាងទើសភ្នែកបន្តិច។"
S286,tech,"ខ្ញុំចង់ backup ទិន្នន័យចូល iCloud តែ storage វាពេញបាត់ហើយ។"
S287,tech,"ឥឡូវគេពេញនិយមប្រើ AI ដើម្បី generate រូបភាពនិងអត្ថបទ។"
S288,tech,"កុំភ្ជាប់ public Wi-Fi ផ្តេសផ្តាស ប្រយ័ត្នគេ hack យក password។"
S289,tech,"ខ្ញុំកំពុងរកទិញ case និង screen protector សម្រាប់ទូរស័ព្ទថ្មី។"
S290,tech,"router នៅផ្ទះខ្ញុំរាងចាស់ហើយ ទើបសេវា internet មិនសូវខ្លាំង។"
S291,tech,"app នេះស៊ី RAM ខ្លាំងណាស់ ពេលបើកចោលធ្វើអោយទូរស័ព្ទកម្តៅឡើង។"
S292,tech,"ខ្ញុំចូលចិត្តប្រើ dark mode ព្រោះវាមិនសូវចាំងភ្នែកពេលយប់។"
S293,tech,"កាស bluetooth នេះភ្ជាប់អត់បានទេ សង្ស័យតែអស់ថ្មហើយ។"
S294,tech,"តើអ្នកមាន link សម្រាប់ download software នេះដោយ free ទេ?"
S295,tech,"ខ្ញុំត្រូវ clear history និង cache នៅក្នុង browser ជាប្រចាំ។"
S296,tech,"កុំព្យូទ័រនេះមាន graphics card ធំ អាចលេង game ធ្ងន់ៗបានយ៉ាងរលូន។"
S297,tech,"ខ្ញុំប្រើ fingerprint ដើម្បី unlock ទូរស័ព្ទ វាងាយស្រួលនិងលឿន។"
S298,tech,"website នេះមាន interface ស្អាត និងស្រួលប្រើសម្រាប់ user ទូទៅ។"
S299,tech,"ពេលសរសេរអត្ថបទ ខ្ញុំតែងតែប្រើ Google Translate ដើម្បីជួយផ្ទៀងផ្ទាត់ពាក្យខ្លះ។"
S300,tech,"account របស់ខ្ញុំត្រូវគេ block ដោយសារតែបំពាន policy របស់ platform គេ។"
S301,tech,"ខ្ញុំទើបតែបង្កើត group chat ថ្មីនៅក្នុង Telegram សម្រាប់សមាជិកគ្រួសារយើង។"
S302,school,"មុខវិជ្ជា Accounting នេះតម្រូវអោយយើងចេះគណនា balance sheet និង income statement។"
S303,school,"ខ្ញុំកំពុងអាន case study ទាក់ទងនឹងភាពជោគជ័យរបស់ក្រុមហ៊ុន Apple។"
S304,school,"semester នេះខ្ញុំត្រូវរៀនមុខវិជ្ជា Marketing Management និង Organizational Behavior។"
S305,school,"គ្រូអោយយើងធ្វើ group discussion រួចហើយឡើង present ម្តងមួយក្រុម។"
S306,school,"assignment នេះតម្រូវអោយសរសេរ essay យ៉ាងតិច ២០០០ ពាក្យ។"
S307,school,"ពេលប្រឡង final គ្រូអនុញ្ញាតអោយយក cheat sheet មួយសន្លឹកចូលបាន។"
S308,school,"ខ្ញុំចង់សុំ letter of recommendation ពីសាស្ត្រាចារ្យ ដើម្បីយកទៅដាក់អាហារូបករណ៍។"
S309,school,"ការធ្វើ internship នៅរដូវក្តៅនេះ នឹងជួយអោយខ្ញុំទទួលបានបទពិសោធន៍ការងារពិតប្រាកដ។"
S310,school,"ខ្ញុំកំពុងត្រៀមខ្លួនប្រឡង IELTS នៅខែក្រោយ ដើម្បីយកពិន្ទុទៅដាក់សាលានៅបរទេស។"
S311,school,"ឯកសារសម្រាប់ admission តម្រូវអោយមាន transcript និងសញ្ញាបត្រច្បាប់ដើម។"
S312,school,"សាលាយើងនឹងរៀបចំ career fair នៅចុងសប្តាហ៍នេះ ដើម្បីអោយនិស្សិតស្វែងរកការងារធ្វើ។"
S313,school,"ខ្ញុំទើបតែបង់ tuition fee សម្រាប់ semester ថ្មីរួចរាល់ហើយ។"
S314,school,"អ្នកណាមាន slide មេរៀនទី៥ ខ្លះ? សូមជួយ drop ចូលក្នុង group បន្តិចមក។"
S315,school,"ថ្ងៃនេះខ្ញុំអត់សូវស្រួលខ្លួនទេ សុំច្បាប់ teacher អត់បានចូលរៀនមួយថ្ងៃហើយ។"
S316,school,"ខ្ញុំចង់យក major ខាង Finance ប៉ុន្តែឪពុកម្តាយខ្ញុំចង់អោយរៀន IT វិញ។"
S317,school,"គ្រូគាត់ strict ណាស់រឿង attendance បើអវត្តមានលើសពី ៣ ដង គឺ fail តែម្តង។"
S318,school,"ពេលរៀនអនឡាញ ខ្ញុំតែងតែ turn off កាមេរ៉ា និង mute មីក្រូហ្វូន។"
S319,school,"ខ្ញុំកំពុងរកទិញសៀវភៅ textbook មួយទឹក ព្រោះសៀវភៅថ្មីថ្លៃណាស់។"
S320,school,"សាកលវិទ្យាល័យមានផ្តល់ free Wi-Fi សម្រាប់និស្សិតគ្រប់គ្នានៅក្នុងបរិវេណសាលា។"
S321,school,"project នេះទាមទារអោយយើងចុះទៅប្រមូល data និងធ្វើ survey ពីប្រជាជនផ្ទាល់។"
S322,school,"ខ្ញុំបានចូលរួមក្នុង club ស្ម័គ្រចិត្តរបស់សាលា ដើម្បីជួយរៀបចំកម្មវិធីផ្សេងៗ។"
S323,school,"មុននឹង defense thesis យើងត្រូវធ្វើ mock presentation អោយបានស្ទាត់សិន។"
S324,school,"ខ្ញុំមានអារម្មណ៍ថា homesick បន្តិច ព្រោះទើបតែមកជួលបន្ទប់នៅឆ្ងាយពីផ្ទះដំបូង។"
S325,school,"សុំជួយ proofread របាយការណ៍នេះអោយខ្ញុំផង ក្រែងលោមានកំហុសវេយ្យាករណ៍។"
S326,school,"មុខវិជ្ជានេះមាន credit ច្រើន ដូច្នេះខ្ញុំត្រូវខិតខំរៀនអោយបានពិន្ទុល្អ។"
S327,school,"ខ្ញុំត្រូវរត់ក្រដាសស្នាមច្រើនណាស់ ដើម្បីសុំច្បាប់ផ្លាស់ប្តូរមុខវិជ្ជាសិក្សា។"
S328,school,"គ្រូដាក់ deadline អោយ submit កិច្ចការនៅថ្ងៃសុក្រ ម៉ោង ១១:៥៩ យប់។"
S329,school,"ខ្ញុំចូលចិត្តអង្គុយរៀននៅ library ព្រោះវាស្ងាត់ និងមានម៉ាស៊ីនត្រជាក់ស្រួល។"
S330,school,"ថ្ងៃស្អែកសាលាឈប់សម្រាក ដោយសារជាថ្ងៃ public holiday។"
S331,school,"យើងត្រូវចែក task គ្នាធ្វើ ទើបកិច្ចការ group នេះអាចរួចរាល់ទាន់ពេលវេលា។"
S332,work,"CEO គាត់ចង់អោយយើង focus ទៅលើ B2B market ជាង B2C នៅឆ្នាំនេះ។"
S333,work,"ខ្ញុំគិតថា return on investment របស់គម្រោងនេះអត់សូវល្អទេ យើងគួរតែគិតឡើងវិញ។"
S334,work,"ខាង department HR ត្រូវការ copy អត្តសញ្ញាណប័ណ្ណដើម្បីធ្វើ payroll ថ្មី។"
S335,work,"CFO បាន reject budget នេះ ដោយសារតែ operating cost វាឡើងខ្ពស់ពេក។"
S336,work,"សូមបងជួយ clear balance ជាមួយខាង supplier អោយហើយក្នុងខែនេះ។"
S337,work,"ក្រុមហ៊ុនយើងនឹងធ្វើការ rebrand ដូច្នេះត្រូវការ graphic designer មកជួយ។"
S338,work,"អ្នកអាច request យក petty cash ពីខាង finance ដើម្បីទិញសម្ភារៈការិយាល័យបាន។"
S339,work,"board of directors សម្រេចចិត្តបើកសាខាថ្មីនៅខេត្តសៀមរាប។"
S340,work,"team ខាង PR កំពុងតែរៀបចំ press release សម្រាប់ launch ផលិតផលថ្មី។"
S341,work,"ខ្ញុំត្រូវធ្វើ monthly performance review ជាមួយបុគ្គលិកក្រោមបង្គាប់ទាំងអស់។"
S342,work,"ដើម្បីដោះស្រាយបញ្ហានេះ យើងត្រូវប្រើ problem solving skill អោយបានល្អ។"
S343,work,"អតិថិជននេះជំពាក់លុយយូរហើយ អញ្ចឹងខាង account receivable ត្រូវ call ទៅទារ។"
S344,work,"យើងកំពុងតែរក out-source agency មកជួយខាងផ្នែក customer service។"
S345,work,"ខ្ញុំចង់បាន quotation យ៉ាងតិច ៣ ពី supplier ផ្សេងគ្នាដើម្បីធ្វើការប្រៀបធៀប។"
S346,work,"អ្នកត្រូវមាន strong leadership skill ដើម្បីគ្រប់គ្រង project ធំៗបែបនេះ។"
S347,work,"ថ្ងៃនេះ system របស់ធនាគារ error ទើបអតិថិជនធ្វើការ transfer លុយអត់បាន។"
S348,work,"សុំជួយ forward email របស់ general manager មកអោយខ្ញុំមួយផង។"
S350,tech,"ដើម្បីអោយ app នេះដើរលឿន យើងត្រូវ optimize API response time។"
S351,tech,"ខ្ញុំកំពុងរៀបចំ UI/UX design សម្រាប់ mobile application ថ្មីរបស់យើង។"
S354,tech,"អ្នកអាចប្រើ VPN ដើម្បី bypass firewall ហើយចូលទៅកាន់ website នោះបាន។"
S355,tech,"កុំភ្លេច enable two-factor authentication ដើម្បីការពារ account របស់អ្នកពី hacker។"
S356,tech,"ខាង frontend team កំពុងតែរង់ចាំ JSON data ពីខាង backend ដើម្បីយកមក map បញ្ចូល។"
S357,tech,"កុំព្យូទ័រនេះខូច motherboard បាត់ហើយ ត្រូវយកទៅអោយជាងខាង IT មើល។"
S358,tech,"យើងគួរតែប្រើ cloud storage ដូចជា Google Drive ឬក៏ AWS S3 សម្រាប់រក្សាទុកឯកសារ។"
S359,tech,"ពេលសរសេរកូដ សូមប្រើ camel case សម្រាប់ដាក់ឈ្មោះ variable ទាំងអស់។"
S360,tech,"ខ្ញុំរកឃើញ bug មួយនៅក្នុង search function ដែលធ្វើអោយ app នេះ crash តែម្តង។"
S361,tech,"សូម copy URL ខាងលើនេះ ហើយ paste បញ្ចូលទៅក្នុង browser របស់អ្នក។"
S362,tech,"bandwidth របស់ internet ក្រុមហ៊ុនយើងខ្សោយណាស់ ពេលប្រជុំ zoom ម្តងៗគឺរអាក់រអួល។"
S363,tech,"ប្រព័ន្ធនេះត្រូវការ database admin មកជួយ manage table និង query ផ្សេងៗ។"
S364,tech,"ខ្ញុំទើបតែ update operating system ទៅកាន់ Windows 11 កាលពីយប់មិញ។"
S365,school,"និស្សិតទាំងអស់ត្រូវមាន GPA យ៉ាងតិច 3.0 ទើបអាចរក្សាអាហារូបករណ៍បាន។"
S366,school,"ខ្ញុំត្រូវសរសេរ literature review សម្រាប់ chapter ទីពីរនៃ thesis របស់ខ្ញុំ។"
S367,school,"សុំជួយ add ខ្ញុំចូលក្នុង Microsoft Teams របស់មុខវិជ្ជា Business Law ផង។"
S368,school,"prof គាត់ strict ណាស់រឿង plagiarism បើគាត់ចាប់បានគឺអោយ fail យកតែម្តង។"
S369,school,"ថ្ងៃស្អែកមហាវិទ្យាល័យមាន orientation day សម្រាប់និស្សិតឆ្នាំទីមួយទាំងអស់។"
S370,school,"ខ្ញុំត្រូវទៅ academic office ដើម្បីសុំ print transcript ច្បាប់ដើម។"
S371,school,"មុខវិជ្ជានេះមាន final exam ៥០ ភាគរយ និង group assignment ៥០ ភាគរយ។"
S372,school,"semester ក្រោយខ្ញុំមានគម្រោងទៅធ្វើ exchange student នៅប្រទេសជប៉ុន។"
S373,school,"កុំចាំដល់ last minute ទើបធ្វើអី ព្រោះ system អាចនឹងគាំងពេលមានអ្នក submit ច្រើន។"
S374,school,"ខ្ញុំមានអារម្មណ៍ថា culture shock ពេលទើបតែទៅរៀននៅសាកលវិទ្យាល័យបរទេសដំបូង។"
S375,school,"យើងត្រូវមាន critical thinking skill នៅពេលដែលយើងវិភាគលើ case study មួយនេះ។"
S376,school,"សុំជួយ share Google Doc ហ្នឹងមក ដើម្បីពួកយើងអាចកែអត្ថបទព្រមគ្នាបាន។"
S377,school,"គ្រូគាត់បង្រៀនលឿនណាស់ ខ្ញុំអត់អាច take note ទាន់ទេ អញ្ចឹងទើបខ្ញុំ record សំឡេងទុក។"
S378,school,"អ្នកអាចប្រើ mind map ដើម្បីងាយស្រួលក្នុងការចងចាំចំណុចសំខាន់ៗនៃមេរៀន។"
S379,school,"ខ្ញុំអត់ទាន់មាន idea អីសោះសម្រាប់ research topic លើកនេះ។"
S380,school,"graduation trip របស់ពួកយើង នឹងរៀបចំឡើងនៅដើមខែធ្នូ។"
S381,school,"បើអ្នកមានបញ្ហាទាក់ទងនឹងការសិក្សា អ្នកអាចទៅប្រឹក្សាជាមួយ student advisor បាន។"
S382,work,"ខ្ញុំបាន book flight និង hotel សម្រាប់ business trip អាទិត្យក្រោយរួចហើយ។"
S383,work,"supervisor សុំអោយ update progress ចូលក្នុង daily stand-up meeting ជារៀងរាល់ព្រឹក។"
S384,work,"បើអតិថិជនសុំ refund យើងត្រូវសួររក receipt និងមូលហេតុអោយបានច្បាស់លាស់។"
S385,work,"team លក់កំពុងតែរៀបចំ promotion ទាក់ទាញ customer ថ្មីៗក្នុងរដូវកាល Black Friday។"
S386,work,"supplier ប្រាប់ថាការដឹកជញ្ជូនមានការ delay ដោយសារបញ្ហា customs clearance នៅព្រំដែន។"
S387,work,"សូម team leader ទាំងអស់ submit report ប្រចាំខែ មុនថ្ងៃទី 5 ផង។"
S388,work,"យើងត្រូវ analyze competitor អោយបានច្បាស់ មុននឹងបញ្ចេញ marketing strategy ថ្មី។"
S389,work,"ឆ្នាំនេះក្រុមហ៊ុននឹងផ្តល់ incentive ខ្ពស់សម្រាប់អ្នកណាដែលសម្រេចបាន sales target។"
S390,work,"អគ្គនាយកគាត់បារម្ភពីរឿង cash flow របស់ក្រុមហ៊ុនក្នុងត្រីមាសនេះណាស់។"
S391,work,"ខាងផ្នែក procurement កំពុងតែរៀបចំឯកសារដេញថ្លៃសម្រាប់ project ថ្មី។"
S392,work,"ខ្ញុំទើបតែទទួល email ពី client គាត់សុំកែសម្រួល scope of work បន្តិចបន្តួច។"
S393,work,"មុននឹង sign contract យើងគួរតែអោយខាង legal team ជួយពិនិត្យមើលសិន។"
S394,work,"ថ្ងៃនេះមាន walk-in customer ច្រើន អញ្ចឹង staff ខាងមុខរវល់ដកដៃមិនរួចទេ។"
S395,work,"ក្រុមហ៊ុនទើបតែ implement ប្រព័ន្ធ CRM ថ្មីដើម្បីគ្រប់គ្រងទិន្នន័យអតិថិជន។"
S396,work,"manager ចង់អោយពួកយើង brainstorm រក idea ប្លែកៗសម្រាប់ annual dinner ឆ្នាំនេះ។"
S397,work,"បើមានបញ្ហាបច្ចេកទេស សូមទាក់ទងទៅ IT support តាមរយៈ hotline ខាងក្រោម។"
S398,work,"ខ្ញុំសុំ work from home មួយថ្ងៃ ព្រោះមានអារម្មណ៍ថាអត់សូវស្រួលខ្លួន។"
S399,work,"ផ្នែក customer care ត្រូវតែឆ្លើយតបទៅកាន់សំណួររបស់ភ្ញៀវអោយបានលឿនបំផុត។"
S400,work,"អត្រា turnover rate របស់បុគ្គលិកខែនេះរាងខ្ពស់ ខាង HR គួរតែរកមូលហេតុ។"
S401,work,"ពួកយើងបានសម្រេច milestone ទីមួយនៃ project នេះមុន deadline ទៅទៀត។"
S402,tech,"ខ្ញុំកំពុងតែ setup OBS សម្រាប់ធ្វើការ live stream លេងហ្គេមយប់នេះ។"
S403,tech,"website នេះតម្រូវអោយយើង create account សិន ទើបអាច add to cart និង checkout បាន។"
S404,tech,"ឥឡូវនេះ hacker ចូលចិត្តផ្ញើ phishing email ដើម្បីបន្លំយក password ណាស់។"
S405,tech,"អេក្រង់ទូរស័ព្ទខ្ញុំបែក glass អញ្ចឹង touch មិនសូវស៊ីទេ ត្រូវយកទៅដូរហើយ។"
S406,tech,"កុំព្យូទ័រយួរដៃនេះសាកថ្មអត់ចូលទេ សង្ស័យតែខូច charging port ទេដឹង។"
S407,tech,"ខ្ញុំទើបតែទិញ mechanical keyboard ថ្មី វាយអក្សរលឺសម្លេង clicky ស្រួលណាស់។"
S408,tech,"app មួយនេះមាន feature ច្រើន តែ UI របស់វាមើលទៅរាងញ៉េញ៉ៃបន្តិច។"
S409,tech,"ដើម្បីកុំអោយបាត់ data ខ្ញុំតែងតែ sync ទូរស័ព្ទជាមួយ Google Drive ជារៀងរាល់អាទិត្យ។"
S411,tech,"វីដេអូហ្នឹងជាប់ copyright ខាងចម្រៀង អញ្ចឹង YouTube គេ mute សម្លេងបាត់ហើយ។"
S412,tech,"ពេលលេងហ្គេមនេះ ping ឡើងដល់ 300ms ធ្វើអោយតួអង្គដើរ lag ខ្លាំងណាស់។"
S413,tech,"ខ្ញុំទើបតែ subscribe យក premium plan របស់ Netflix ដើម្បីមើលកុនអត់ពាណិជ្ជកម្ម។"
S414,tech,"កុំព្យូទ័រនេះឡើងកម្តៅខ្លាំងពេក ព្រោះ cooling fan របស់ CPU ដំណើរការមិនល្អ។"
S415,tech,"ក្រុមហ៊ុន Apple ទើបតែប្រកាសចេញ release date សម្រាប់ផលិតផលថ្មីរបស់គេ។"
S416,tech,"ខ្ញុំប្រើ filter និង effect ច្រើនពេក ទើបរូបថតចេញមកមើលទៅមិនសូវ natural។"
S417,tech,"ទូរស័ព្ទខ្ញុំលោត notification រហូត ដល់ថ្នាក់ខ្ញុំត្រូវដាក់ Do Not Disturb mode ទើបស្ងាត់។"
S418,tech,"ពេលផ្ញើ file ធំៗតាម Telegram កុំភ្លេច send as file ដើម្បីកុំអោយបែកទំហំដើម។"
S420,tech,"ខ្ញុំអត់ចូលចិត្តប្រើ default browser របស់ទូរស័ព្ទទេ ខ្ញុំចូលចិត្ត download Chrome មកប្រើជាង។"
S421,tech,"កាមេរ៉ា web-cam នេះមាន resolution ត្រឹមតែ 720p ទេ រូបភាពរាងព្រិលបន្តិចហើយ។"
S422,school,"សប្តាហ៍ក្រោយមាន guest speaker មកពីក្រុមហ៊ុនធំៗ មកចែករំលែកបទពិសោធន៍ក្នុង campus របស់យើង។"
S423,school,"មុននឹង submit assignment ចូលក្នុង Moodle សូមពិនិត្យមើលទំហំ file ផងកុំអោយលើស 50MB។"
S424,school,"ខ្ញុំបានសុំ extension ពី prof សម្រាប់ essay នេះ ដោយសារតែខ្ញុំឈឺកាលពីប៉ុន្មានថ្ងៃមុន។"
S425,school,"group project នេះយើងត្រូវធ្វើ peer evaluation អោយពិន្ទុគ្នាទៅវិញទៅមកក្នុងក្រុម។"
S426,school,"និស្សិតដែលចង់បាន distinction ត្រូវតែមានពិន្ទុខ្ពស់និងមានអាកប្បកិរិយាល្អ។"
S427,school,"ខ្ញុំកំពុងត្រៀមខ្លួនសម្រាប់ mock exam នៅថ្ងៃសៅរ៍នេះ ដើម្បីដឹងពីកម្រិតសមត្ថភាពខ្លួនឯង។"
S428,school,"សាកលវិទ្យាល័យមានបណ្តាញ alumni ល្អ ដែលអាចជួយណែនាំការងារដល់និស្សិតទើបបញ្ចប់ការសិក្សា។"
S429,school,"ដើម្បីបញ្ចប់ការសិក្សា អ្នកត្រូវប្រាកដថាបានបំពេញគ្រប់ core module និង elective module ទាំងអស់។"
S430,school,"ខ្ញុំទៅ library ដើម្បីរក journal article ថ្មីៗមកធ្វើជា reference សម្រាប់ research paper។"
S431,school,"គ្រូបាន upload grading rubric ចូលក្នុង Google Classroom ដើម្បីអោយពួកយើងដឹងពីរបៀបដាក់ពិន្ទុ។"
S432,school,"presentation នេះមានរយៈពេលកំណត់ត្រឹមតែ 15 នាទី រួមបញ្ចូលទាំង Q&A session ផងដែរ។"
S433,school,"បើអ្នកចង់ដូរ major អ្នកត្រូវបំពេញ form រួចយកទៅអោយ academic advisor សញេជាមុនសិន។"
S434,school,"semester នេះខ្ញុំត្រូវធ្វើ field trip ចុះទៅសិក្សាផ្ទាល់នៅតាមបណ្តាខេត្តមួយចំនួន។"
S435,school,"ខ្ញុំមានអារម្មណ៍ថាបាត់បង់ motivation ក្នុងការរៀន ព្រោះ homework វាច្រើនពេក។"
S436,school,"បេក្ខជនអាហារូបករណ៍ត្រូវឆ្លងកាត់ការ interview ចំនួនពីរជុំ ទើបអាចដឹងលទ្ធផល។"
S437,school,"ឆ្នាំទីបួននេះ យើងត្រូវជ្រើសរើស advisor មួយរូប ដើម្បីជួយណែនាំក្នុងការសរសេរ thesis។"
S438,school,"syllabus របស់មុខវិជ្ជានេះតម្រូវអោយនិស្សិតអាន textbook យ៉ាងតិចមួយជំពូកមុនចូលរៀន។"
S439,school,"ការធ្វើ volunteer work កំឡុងពេលរៀនមហាវិទ្យាល័យ ពិតជាជួយបន្ថែម profile របស់យើងអោយកាន់តែល្អ។"
S440,school,"ខ្ញុំត្រូវរៀបចំ portfolio ដែលមានស្នាដៃរបស់ខ្ញុំកន្លងមក ដើម្បីយកទៅបង្ហាញនៅថ្ងៃការពារ។"
S441,school,"កុំភ្លេច check timetable ផង ព្រោះអាទិត្យនេះមានការផ្លាស់ប្តូរបន្ទប់រៀនច្រើន។"
S443,work,"យើងមាន backlog ច្រើនណាស់ដែលត្រូវ clear អោយអស់មុនចុងខែនេះ។"
S444,work,"founder របស់ startup មួយនេះកំពុងតែ raise fund ជុំទី 2 ពីវិនិយោគិនបរទេស។"
S445,work,"product នេះមាន demand ខ្ពស់នៅលើទីផ្សារ អញ្ចឹងយើងត្រូវបង្កើនការផលិត។"
S446,work,"ខ្ញុំទើបតែបង្កើត LinkedIn profile ថ្មីដើម្បីស្វែងរកឱកាសការងារល្អៗ។"
S447,work,"freelancer ម្នាក់នេះទារ rate ថ្លៃណាស់ តែ portfolio របស់គាត់ពិតជាឡូយមែន។"
S448,work,"ខាង logistics ប្រាប់ថា container នឹងមកដល់កំពង់ផែនៅអាទិត្យក្រោយ។"
S449,work,"ដើម្បីបង្កើន sales យើងគួរតែផ្តល់ free delivery សម្រាប់អតិថិជនទិញលើសពី 50 ដុល្លារ។"
S450,work,"manager សុំអោយខ្ញុំធ្វើ quotation ជា PDF file ផ្ញើទៅអោយភ្ញៀវ។"
S451,work,"website e-commerce របស់យើងមានបញ្ហា checkout អតិថិជនចុចទូទាត់លុយអត់ដើរ។"
S452,work,"សូមជួយ follow up ជាមួយអតិថិជនចាស់ៗ ដើម្បីរក្សា customer retention rate។"
S453,work,"ថ្ងៃនេះខ្ញុំមាន one-on-one meeting ជាមួយប្រធានផ្នែក ដើម្បីពិភាក្សាពី performance របស់ខ្ញុំ។"
S454,work,"company នេះមាន working culture ល្អ ថៅកែតែងតែយល់ពី work-life balance របស់បុគ្គលិក។"
S455,work,"យើងត្រូវប្រជុំបន្ទាន់រឿង crisis management ដោយសារតែមានពាក្យបណ្តឹងច្រើនពីអតិថិជន។"
S456,work,"ផ្នែក quality control ត្រូវតែឆែកមើលទំនិញអោយបានម៉ត់ចត់ មុននឹងបញ្ចេញលក់។"
S457,work,"ខ្ញុំអត់ទាន់បាន approve leave request របស់អ្នកទេ ព្រោះអត់មានអ្នកណាជួយ cover ការងារ។"
S458,work,"franchise របស់ប្រ៊េនមួយនេះកំពុងតែពេញនិយមខ្លាំងនៅភ្នំពេញ។"
S459,work,"យើងអាចប្រើ Google Analytics ដើម្បីមើល traffic ដែលចូលមកក្នុង website របស់យើង។"
S460,work,"មុននឹង invest លុយ យើងត្រូវធ្វើ risk assessment អោយបានច្បាស់លាស់។"
S461,work,"ខ្ញុំទើបតែវេរលុយថ្លៃ deposit ទៅអោយម្ចាស់ផ្ទះជួលរួចរាល់ហើយ។"
S462,work,"អតិថិជនវីអាយភីម្នាក់នេះទាមទារសេវាកម្មកម្រិត premium ពីពួកយើង។"
S463,work,"អ្នកត្រូវរៀនពីរបៀបសរសេរ formal email អោយបានត្រឹមត្រូវពេលទាក់ទងការងារធំៗ។"
S464,work,"warehouse របស់យើងឥឡូវនេះពេញអស់ហើយ អត់មានកន្លែងស្តុកអីវ៉ាន់ថ្មីទេ។"
S465,work,"សូមជួយ print out ឯកសារនេះចំនួន 10 ច្បាប់សម្រាប់ចែកពេលប្រជុំ។"
S466,work,"boss ចង់អោយយើងកាត់បន្ថយ budget ខាងការផ្សាយពាណិជ្ជកម្មនៅខែក្រោយ។"
S467,work,"តើក្រុមហ៊ុនយើងមានផ្តល់ allowance សម្រាប់ថ្លៃសាំងឬថ្លៃទូរស័ព្ទទេ?"
S468,work,"អ្នកអាចអោយ feedback មកកាន់ខ្ញុំដោយត្រង់ៗ ដើម្បីអោយខ្ញុំអាចកែលម្អបាន។"
S469,work,"យើងកំពុងតែខ្វះ human resource អញ្ចឹងត្រូវប្រញាប់ប្រកាសរើសបុគ្គលិកបន្ថែម។"
S470,work,"ខ្ញុំមានអារម្មណ៍ថា burn out ខ្លាំងណាស់ ធ្វើការសឹងតែគ្មានថ្ងៃសម្រាកសោះ។"
S471,work,"partner របស់យើងសុំអោយយើង revise កិច្ចសន្យានេះឡើងវិញនៅចំណុចខ្លះ។"
S472,work,"product launch event ម្សិលមិញទទួលបានជោគជ័យខ្លាំង និងមានអ្នកចូលរួមច្រើន។"
S473,work,"អត្រា inflation rate ឆ្នាំនេះឡើងខ្ពស់ ធ្វើអោយតម្លៃទំនិញគ្រប់មុខឡើងថ្លៃ។"
S474,work,"យើងត្រូវតែ maintain standard គុណភាពរបស់យើង ដើម្បីប្រកួតប្រជែងជាមួយគូប្រជែង។"
S475,work,"ខ្ញុំបាន invite អ្នកទាំងអស់គ្នាចូលក្នុង Google Calendar សម្រាប់ប្រជុំថ្ងៃស្អែកហើយ។"
S476,work,"អ្នកគ្រប់គ្រងបាន assign សិទ្ធិជា admin ទៅអោយខ្ញុំដើម្បីគ្រប់គ្រងផេក។"
S477,work,"ក្រុមហ៊ុនមានបំណងពង្រីក network ទៅកាន់ទីផ្សារអន្តរជាតិនៅឆ្នាំក្រោយ។"
S478,work,"supplier នេះតែងតែ deliver អីវ៉ាន់អោយយើងទាន់ពេលវេលាជានិច្ច។"
S479,work,"សុំជួយពិនិត្យមើល invoice នេះឡើងវិញ ព្រោះចំនួនសរុបរាងខុសពីតារាងតម្លៃ។"
S480,work,"យើងមានម៉ាស៊ីន scan ក្រូម៉ូសូមថ្មី សម្រាប់បុគ្គលិក check in ពេលព្រឹក។"
S481,work,"គាត់ត្រូវបានគេ promote អោយឡើងតំណែងជា senior manager បន្ទាប់ពីធ្វើការបាន 5 ឆ្នាំ។"
S482,tech,"សុំជួយសរសេរ prompt សម្រាប់ ChatGPT ដើម្បី generate អត្ថបទនេះអោយខ្ញុំបន្តិច។"
S483,tech,"ខ្ញុំទើបតែទិញ smart watch ថ្មី វាអាច track heart rate និងជំហានដើរបាន។"
S484,tech,"game នេះ pay to win ខ្លាំងណាស់ អ្នកណាទិញ skin គឺមាន advantage ច្រើន។"
S485,tech,"drone នេះមានសេនស័រ anti-collision ជួយការពារកុំអោយហោះបុកជញ្ជាំង។"
S486,tech,"ឥឡូវគេពេញនិយមលេង game ប្រភេទ open world ព្រោះអាចដើរលេងបានសេរី។"
S487,tech,"កុំភ្លេចដោត power bank ផង ប្រយ័ត្នទូរស័ព្ទរលត់ពេលកំពុងតែ live។"
S488,tech,"កាមេរ៉ាសុវត្ថិភាពនេះអាចភ្ជាប់ជាមួយ Wi-Fi ហើយយើងអាចមើលតាមទូរស័ព្ទពីចម្ងាយបាន។"
S489,tech,"ខ្ញុំកំពុងរកទិញ noise cancelling headphone ដើម្បីពាក់ពេលរៀនអនឡាញកុំអោយលឺសម្លេងរំខាន។"
S490,tech,"account នេះត្រូវគេ report ច្រើនពេក ទើប platform គេធ្វើការ ban តែម្តងទៅ។"
S491,tech,"ខ្ញុំប្រើ extension មួយចំនួននៅលើ browser ដើម្បី block ពាណិជ្ជកម្មរំខាន។"
S492,tech,"វីដេអូហ្គេមមួយនេះទាមទារអោយកុំព្យូទ័រមាន spec ខ្លាំងទើបលេងមិនគាំង។"
S493,tech,"AI ឥឡូវឆ្លាតណាស់ វាអាច translate ភាសាបានស្ទើរតែត្រឹមត្រូវ 100 ភាគរយ។"
S494,tech,"តើអ្នកមានខ្សែ Type-C ទេ? ខ្ញុំសុំខ្ចីសាកថ្មទូរស័ព្ទបន្តិច។"
S495,tech,"កម្មវិធីនេះទាមទារអោយមានការ verify តាមរយៈសារ SMS ជាមុនសិន។"
S496,tech,"ដើម្បីការពារភ្នែក ខ្ញុំតែងតែបើកមុខងារ blue light filter នៅលើអេក្រង់។"
S497,tech,"laptop មួយនេះមានអេក្រង់កម្រិត 4K ច្បាស់ត្រជាក់ភ្នែកតែម្តង។"
S498,tech,"system update ថ្មីនេះបានជួសជុល bug ជាច្រើនដែលមានកាលពី version មុន។"
S499,tech,"ខ្ញុំមិនអាច join meeting បានទេ ព្រោះ internet នៅខាងខ្ញុំមានបញ្ហា unstable។"
S500,tech,"អ្នកអាចសាកល្បងប្រើ trial version រយៈពេល 7 ថ្ងៃសិន មុននឹងសម្រេចចិត្តទិញ។"
S501,tech,"ទូរស័ព្ទនេះការពារទឹកកម្រិត IP68 អញ្ចឹងធ្លាក់ចូលទឹកក៏អត់អីដែរ។"
S502,tech,"ពេលកាត់តវីដេអូ ខ្ញុំចូលចិត្តប្រើ shortcut key ដើម្បីសន្សំពេលវេលា។"
S504,tech,"កុំព្យូទ័រនេះប្រើ SSD ដូច្នេះពេល boot ឡើងដើរលឿនជាងម៉ាស៊ីនប្រើ HDD ចាស់។"
S506,tech,"ខ្ញុំកំពុងរៀបចំ smart home ដោយប្រើអំពូលភ្លើងដែលអាចបញ្ជាតាម voice command បាន។"
S507,tech,"algorithm របស់ Facebook លែងសូវរុញ post របស់ page អោយអ្នកតាមដានឃើញដូចមុនហើយ។"
S508,tech,"អ្នកអាចប្រើ biometric login ដូចជាការស្កេនមុខ ដើម្បីបើកកម្មវិធីធនាគារបាន។"
S509,tech,"រូបថតនេះទំហំធំពេក សូមជួយ compress វាអោយតូចបន្តិចមុននឹងផ្ញើ។"
S510,tech,"app នេះវា run នៅ background រហូត ធ្វើអោយទូរស័ព្ទឆាប់អស់ថ្ម។"
S511,tech,"ខ្ញុំកំពុងរកទិញ tripod មួយដើម្បីយកទៅថតវីដេអូពេលដើរលេង។"
S512,tech,"wireless mouse នេះអស់ថ្មហើយ អញ្ចឹង cursor លែងដើរតែម្តង។"
S513,tech,"ខ្ញុំទើបតែ clear trash file នៅក្នុងកុំព្យូទ័រ ដើម្បីបាន space ទំនេរខ្លះ។"
S514,tech,""podcast channel នេះ episode ថ្មីៗ drop ជារៀងរាល់ Monday host គាត់ interview startup founder ខ្មែរ topic គួរចាប់អារម្មណ៍ណាស់។"
S515,tech,"អ្នកត្រូវតែយល់ព្រមតាម terms and conditions មុននឹងអាចបង្កើត account បាន។"
S516,tech,"តើអ្នកលេង social media មួយណាច្រើនជាងគេនៅពេលទំនេរ?"
S517,tech,"ខ្ញុំចូលចិត្តប្រើ cloud-based app ព្រោះអាចចូលប្រើប្រាស់ពីឧបករណ៍ណាក៏បាន។"
S518,tech,"microphone នេះមានមុខងារកាត់បន្ថយ noise ល្អណាស់ពេលថតសម្លេង។"
S519,tech,"ខ្ញុំមិនអាចទាញយកកម្មវិធីនេះបានទេ ព្រោះវាអត់ available នៅកម្ពុជាទេ។"
S520,tech,"តើអ្នកអាចជួយ reset router internet អោយខ្ញុំបន្តិចបានទេ?"
S521,tech,"ខ្ញុំចូលចិត្តអាន e-book នៅលើ tablet ជាងការកាន់សៀវភៅផ្ទាល់។"
S522,school,"ខ្ញុំត្រូវធ្វើ quiz នៅលើ platform Canvas មុនម៉ោង 12។"
S523,school,"campus នេះមាន facility ល្អៗច្រើនណាស់ ដូចជាកន្លែងហាត់ប្រាណនិងអាងហែលទឹក។"
S524,school,"ខ្ញុំកំពុងតែ apply យក dorm នៅជិតសាលា ដើម្បីងាយស្រួលដើរទៅរៀន។"
S525,school,"tutor ម្នាក់នេះពន្យល់ lesson នេះបានច្បាស់ជាងគ្រូធំទៅទៀត។"
S526,school,"មុខវិជ្ជាគីមីវិទ្យាតម្រូវអោយយើងចូល lab ធ្វើការពិសោធន៍រៀងរាល់ថ្ងៃសុក្រ។"
S527,school,"និស្សិតទាំងអស់ត្រូវពាក់ uniform អោយបានត្រឹមត្រូវនៅពេលមានកម្មវិធីធំៗ។"
S528,school,"អ្នកអាចស្វែងរក past paper របស់ឆ្នាំមុនៗនៅក្នុងប្រព័ន្ធបណ្ណាល័យរបស់សាលា។"
S529,school,"ខ្ញុំចង់ចូលរួមក្នុង debate club ដើម្បីពង្រឹងសមត្ថភាពក្នុងការនិយាយជាសាធារណៈ។"
S530,school,"semester នេះខ្ញុំបង់លុយរៀនខ្លួនឯង អត់មាន sponsor ដូចឆ្នាំមុនៗទេ។"
S531,school,"ខ្ញុំបានធ្លាក់មុខវិជ្ជានេះ អញ្ចឹងត្រូវតែរៀន summer class ដើម្បីយកក្រេឌីតមកវិញ។"
S532,school,"group study ល្អជាងរៀនម្នាក់ឯង ព្រោះបើ stuck ត្រង់ណា អ្នកដទៃ explain អោយបានភ្លាមៗ។"
S533,school,"គ្រូគាត់បង្រៀនតាម slide អញ្ចឹងបើអត់បានចម្លងទុក គឺអត់ដឹងត្រូវរៀនប្រឡងតាមណាទេ។"
S534,school,"ខ្ញុំមានអារម្មណ៍ថា stress ខ្លាំងដោយសារ peer pressure ពីមិត្តភក្តិដែលរៀនពូកែៗ។"
S535,school,"ថ្ងៃនេះខ្ញុំអត់បានយក student card មកទេ អញ្ចឹងសន្តិសុខអត់អោយចូលសាលាទេ។"
S536,school,"សាលានឹងរៀបចំ workshop ស្តីពីការរៀបចំ CV ដើម្បីត្រៀមខ្លួនចុះកម្មសិក្សា។"
S537,school,"ខ្ញុំត្រូវប្រញាប់ទៅជួប counselor ដើម្បីសុំយោបល់រឿងរើសមុខវិជ្ជាជំនាញ។"
S538,school,"បើមានសំនួរទាក់ទងនឹងមេរៀន អ្នកអាចសួរគ្រូនៅក្នុង consultation hour បាន។"
S539,school,"ខ្ញុំកំពុងសរសេរ personal statement សម្រាប់ដាក់ពាក្យសុំអាហារូបករណ៍ទៅកូរ៉េ។"
S540,school,"មហាវិទ្យាល័យនេះល្បីខាងផ្នែកវិស្វកម្ម និងមាន alumni ល្បីៗច្រើន។"
S541,school,"ខ្ញុំបាន copy assignment របស់មិត្តភក្តិ ហើយត្រូវគ្រូដឹង រួចអោយសូន្យតែម្តង។"
S542,school,"យើងមាន free period រយៈពេលពីរម៉ោង អញ្ចឹងតោះយើងទៅញ៉ាំអីនៅកង់ទីន។"
S543,school,"ការប្រឡងចុងភាគគឺយកតាមទម្រង់ multiple choice អញ្ចឹងវារាងស្រួលជាងសរសេរ។"
S544,school,"ខ្ញុំត្រូវធ្វើ summary នៃអត្ថបទនេះ ហើយឡើង present ប្រាប់មិត្តរួមថ្នាក់។"
S545,school,"សុំជួយ mute មីក្រូហ្វូនផង ពេលគ្រូកំពុងតែបង្រៀននៅក្នុង online class។"
S546,school,"ខ្ញុំមានអារម្មណ៍ថា homesick ខ្លាំងណាស់នៅខែដំបូងពេលទៅរៀននៅទីក្រុងភ្នំពេញ។"
S547,school,"online class ពិបាកខ្លាំងណាស់ ត្រូវ self-discipline ខ្លាំង ព្រោះ distraction នៅផ្ទះច្រើន deadline ក៏ងាយភ្លេច។"
S548,school,"សាលាយើងមានផ្តល់ short course សម្រាប់រៀនភាសាអង់គ្លេសបន្ថែមនៅចុងសប្តាហ៍។"
S549,school,"ខ្ញុំខំប្រឹងរៀន ដើម្បីបាន grade A ព្រោះ scholarship semester ក្រោយ depend លើ GPA ខែនេះ។"
S550,school,"ខ្ញុំត្រូវចំណាយពេលពេញមួយយប់ដើម្បី revise មេរៀនទាំងអស់ឡើងវិញ។"
S551,school,"project នេះទាមទារអោយពួកយើងចុះ field work ដើម្បីប្រមូលទិន្នន័យពីប្រជាជនពិតប្រាកដ។"
S552,school,"សុំជួយថតរូបតារាង time table នៅលើក្តារខៀនអោយខ្ញុំមួយប៉ុស្តិ៍ផង។"
S553,school,"យើងត្រូវមាន soft skill ដូចជាការធ្វើការងារជាក្រុមនិងការទំនាក់ទំនងល្អ។"
S554,school,"ខ្ញុំបាន download application របស់សាលា ដើម្បីងាយស្រួលឆែកមើលពិន្ទុនិងកាលវិភាគ។"
S555,school,"គ្រូគាត់ strict ណាស់រឿង deadline ទោះបីជាយឺតតែមួយនាទី ក៏គាត់អត់ទទួលយកដែរ។"
S556,school,"ខ្ញុំសង្ឃឹមថានឹងបាន pass មុខវិជ្ជានេះ ព្រោះខ្ញុំខំប្រឹងធ្វើ assignment ខ្លាំងណាស់។"
S557,school,"មិត្តភក្តិខ្ញុំគាត់ពូកែខាង design អញ្ចឹងគាត់ធានាធ្វើ PowerPoint សម្រាប់ក្រុម។"
S558,school,"យើងអាចជួល projector ពីបណ្ណាល័យសាលា ដើម្បីយកមកហាត់ធ្វើបទបង្ហាញបាន។"
S559,school,"ខ្ញុំអត់ទាន់ទិញ textbook ទេ ព្រោះកំពុងរកមើលសៀវភៅមួយទឹកតម្លៃថោក។"
S560,school,"ថ្ងៃស្អែកមានការប្រកួតកីឡាបាល់ទាត់រវាង faculty យើងនិងខាងផ្នែកសេដ្ឋកិច្ច។"
S561,school,"professor ខ្ញុំ expect ច្រើនណាស់ ទើបចូលឆ្នាំទីបួន thesis ត្រូវ independent research អស់ គ្មានគ្រូ guide ដូចមុនទេ។"
S562,work,"ឥឡូវធនាគារកណ្តាលបានបញ្ចេញ interest rate ថ្មីសម្រាប់កម្ចីទិញផ្ទះ។"
S563,work,"ខ្ញុំកំពុងតែគិតចង់ invest លុយខ្លះទៅក្នុង stock market ឬក៏ mutual fund។"
S564,work,"ខាងគណនេយ្យប្រាប់ថា cash flow របស់ក្រុមហ៊ុនកំពុងតែមានបញ្ហាខ្វះខាត។"
S565,work,"អតិថិជនបានដាក់ deposit ចំនួន 30 ភាគរយសម្រាប់កក់ដីឡូត៍មួយនេះ។"
S566,work,"យើងត្រូវរៀបចំ financial statement អោយបានរួចរាល់មុនពេលអ្នក audit ចុះមក។"
S567,work,"digital marketing team ត្រូវតែតាមដាន cost per click អោយបានជាប់លាប់។"
S568,work,"conversion rate នៃ website របស់យើងខែនេះរាងធ្លាក់ចុះ បើធៀបនឹងខែមុន។"
S569,work,"អ្នកអាច boost post នេះដោយប្រើ budget ប្រហែល 50 ដុល្លារក្នុងមួយសប្តាហ៍។"
S570,work,"យើងត្រូវការ influencer មកជួយ promote ផលិតផលថ្មីនេះដើម្បីអោយគេស្គាល់ច្រើន។"
S571,work,"brand awareness របស់ក្រុមហ៊ុនយើងមានការកើនឡើងខ្លាំង បន្ទាប់ពីធ្វើ campaign កាលពីខែមុន។"
S572,work,"ខ្ញុំទើបតែសុំ manager ដំឡើង salary ព្រោះខ្ញុំធ្វើការងារនេះបាន 3 ឆ្នាំហើយ។"
S573,work,"HR កំពុងតែរៀបចំ job description ថ្មីសម្រាប់តំណែង graphic designer។"
S574,work,"អ្នកត្រូវតែមានបទពិសោធន៍យ៉ាងហោចណាស់ 2 ឆ្នាំ ទើបអាច apply ការងារនេះបាន។"
S575,work,"ក្រុមហ៊ុនផ្តល់ health insurance សម្រាប់បុគ្គលិកទាំងអស់ បន្ទាប់ពីឆ្លងកាត់ probation។"
S576,work,"ខ្ញុំត្រូវរៀបចំ KPI សម្រាប់ក្រុមនីមួយៗ ដើម្បីងាយស្រួលក្នុងការវាយតម្លៃការងារ។"
S577,work,"គម្រោងសាងសង់ខុនដូនេះមាន ROI ខ្ពស់ អញ្ចឹងមានអ្នកចង់ទិញច្រើន។"
S578,work,"អ្នកលក់អចលនទ្រព្យត្រូវចេះធ្វើ presentation អោយបានល្អដើម្បីទាក់ទាញភ្ញៀវ។"
S579,work,"សុំជួយ update progress នៃ project នេះចូលក្នុង Trello board អោយខ្ញុំផង។"
S580,work,"ខ្ញុំត្រូវមាន meeting ជាមួយ stakeholder ទាំងអស់នៅរសៀលម៉ោង 2 នេះ។"
S581,work,"បើអ្នកធ្វើការ overtime ក្រុមហ៊ុននឹងគិតលុយបន្ថែមអោយតាមច្បាប់ការងារ។"
S582,work,"សុំជួយ print contract នេះចំនួន 2 ច្បាប់ រួចយកទៅអោយ director សញេ។"
S583,work,"អតិថិជនសុំលុបចោល order វិញ ព្រោះគាត់រកទិញអីវ៉ាន់នៅកន្លែងផ្សេងបានថោកជាង។"
S584,work,"យើងត្រូវមាន backup plan ជានិច្ច ក្រែងលោ strategy ទីមួយបរាជ័យ។"
S585,work,"មុន launch ផលិតផលថ្មី boss ចង់អោយធ្វើ market research ដើម្បី validate ដើម្បីមើល demand មានច្រើនទេ។"
S586,work,"ខ្ញុំបានទទួល warning letter ពី HR ដោយសារតែមកធ្វើការយឺតញឹកញាប់ពេក។"
S587,work,"តើក្រុមហ៊ុនមានផ្តល់ annual leave ប៉ុន្មានថ្ងៃសម្រាប់បុគ្គលិកពេញសិទ្ធិ?"
S588,work,"យើងកំពុងតែរក co-founder មួយរូបទៀត ដើម្បីមកជួយរ៉ាប់រងខាងផ្នែកបច្ចេកទេស។"
S590,work,"សូមបងជួយ approve budget សម្រាប់ការរៀបចំ staff party នៅចុងឆ្នាំនេះផង។"
S591,work,"ខ្ញុំត្រូវប្រញាប់ submit tax return អោយបានមុនថ្ងៃទី 20 នៃខែនីមួយៗ។"
S592,work,"ប្រាក់ចំណេញ net profit របស់យើងបានកើនឡើង 15 ភាគរយនៅក្នុងត្រីមាសនេះ។"
S593,work,"អតិថិជនម្នាក់នេះមាន credit score ល្អ អញ្ចឹងធនាគារឆាប់ទម្លាក់លុយកម្ចីអោយ។"
S594,work,"យើងត្រូវតែ focus លើការអភិវឌ្ឍ customer service ដើម្បីទាញយកភ្ញៀវមកវិញ។"
S595,work,"ខ្ញុំកំពុងតែរៀបចំ slide សម្រាប់ធ្វើ training ដល់បុគ្គលិកថ្មី។"
S596,work,"manager បានបញ្ជាអោយផ្អាក production បណ្តោះអាសន្ន ដោយសារបញ្ហាម៉ាស៊ីន។"
S597,work,"បើមានអ្នកណា call មកសួររឿង promotion សូមប្រាប់អោយគាត់ឆែកមើលក្នុង page ក្រុមហ៊ុន។"
S598,work,"ខ្ញុំទើបតែទទួល offer letter ពីក្រុមហ៊ុនអន្តរជាតិមួយកាលពីព្រឹកមិញ។"
S599,work,"ការិយាល័យយើង relocate ទៅ building ថ្មី ខែក្រោយ ហើយ parking ទូលំទូលាយជាងទីនេះច្រើន។"
S600,work,"សុំជួយ forward email របស់ supplier នោះមកអោយខ្ញុំបន្តិចមក។"
S601,work,"យើងត្រូវធ្វើការជា team ព្រោះ project នេះធំណាស់ ធ្វើម្នាក់ឯងអត់រួចទេ។"
S602,tech,"ខ្ញុំចង់រៀនសរសេរកូដ Python ព្រោះវាស្រួលយល់ ហើយអាចធ្វើ AI បានទៀត។"
S603,tech,"app នេះត្រូវបានសរសេរដោយប្រើ Flutter អញ្ចឹងវាអាច run បានទាំង iOS និង Android។"
S604,tech,"កុំភ្លេច push code ឡើង GitHub មុនពេលអ្នកបិទកុំព្យូទ័រនៅល្ងាចនេះ។"
S605,tech,"យើងត្រូវប្រើ API ពី Google Maps ដើម្បីបង្ហាញទីតាំងនៅក្នុងកម្មវិធីរបស់យើង។"
S606,tech,"database នេះប្រើ SQL ដូច្នេះអ្នកត្រូវចេះសរសេរ query អោយបានស្ទាត់។"
S607,tech,"តម្លៃ Bitcoin ឥឡូវកំពុងតែឡើងខ្ពស់ អ្នកខ្លះក៏ទិញទុក អ្នកខ្លះក៏ប្រញាប់លក់ចេញ។"
S608,tech,"ការវិនិយោគលើ cryptocurrency មានហានិភ័យខ្ពស់ ព្រោះទីផ្សារវាប្រែប្រួលលឿនណាស់។"
S609,tech,"blockchain ពិបាកពន្យល់ណាស់ តែខ្ញុំដឹងថា transaction នីមួយៗវា transparent ហើយ immutable ជានិច្ច។"
S610,tech,"ខ្ញុំទើបតែបង្កើត crypto wallet ថ្មីមួយ ដើម្បីទុកកាក់ឌីជីថលរបស់ខ្ញុំ។"
S612,tech,"កុំព្យូទ័រខ្ញុំឡើង full disk 100 ភាគរយ ធ្វើអោយម៉ាស៊ីនគាំងដើរអត់រួចតែម្តង។"
S613,tech,"ខ្ញុំរកឃើញ bug មួយនៅក្នុងប្រព័ន្ធ payment ដែលធ្វើអោយកាត់លុយភ្ញៀវពីរដង។"
S615,tech,"សូមជួយ test មើល feature ថ្មីនេះផង មើលថាវាមាន error អីអត់។"
S617,tech,"ខ្ញុំចង់ upgrade RAM កុំព្យូទ័រពី 8GB ទៅ 16GB ដើម្បីអោយវាដើរលឿនជាងមុន។"
S618,tech,"ម៉ាស៊ីននេះ RAM 16GB ជាមួយ SSD ដើរលឿនណាស់ តែ graphic card វាខ្សោយបន្តិច។"
S619,tech,"GPU របស់កុំព្យូទ័រនេះចាស់ហើយ មិនអាចលេង game ដែលមានក្រាហ្វិកខ្ពស់ៗបានទេ។"
S620,tech,"ខ្ញុំទើបតែទិញ external hard drive ទំហំ 2TB សម្រាប់ទុកឯកសារការងារ។"
S621,tech,"អេក្រង់ monitor នេះមាន refresh rate ដល់ទៅ 144Hz មើលទៅរអិលស្រួលភ្នែកណាស់។"
S622,tech,"AI chatbot ឥឡូវឆ្លាតណាស់ អាចជួយឆ្លើយសំនួរភ្ញៀវជំនួស customer service បាន។"
S623,tech,"ខ្ញុំប្រើ ChatGPT ដើម្បីជួយសរសេរ caption សម្រាប់ផុសរូបនៅលើ Facebook។"
S624,tech,"បច្ចេកវិទ្យា machine learning កំពុងតែត្រូវបានយកមកប្រើប្រាស់យ៉ាងទូលំទូលាយ។"
S625,tech,"វីដេអូនេះជា deepfake ទេ មិនមែនជារឿងពិត ដែលបានកើតឡើងនោះឡើយ។"
S626,tech,"អ្នកអាចប្រើ voice search ដើម្បីស្វែងរកព័ត៌មាននៅលើទូរស័ព្ទដៃបានយ៉ាងងាយស្រួល។"
S627,tech,"router នេះមានបញ្ហា អញ្ចឹងយើងត្រូវ reset វាទៅ factory setting វិញ។"
S628,tech,"ខ្ញុំមិនអាច connect Wi-Fi បានទេ សង្ស័យតែ password វាខុសទេដឹង។"
S630,tech,"ខ្ញុំប្រើ VPN ដើម្បីការពារទិន្នន័យឯកជន ពេលភ្ជាប់ public Wi-Fi នៅហាងកាហ្វេ។"
S631,tech,"ក្រុមហ៊ុនត្រូវទិញ firewall ថ្មី ដើម្បីការពារប្រព័ន្ធបណ្តាញខាងក្នុងពី hacker។"
S632,tech,"ខ្ញុំចូលចិត្តលេង game នៅលើ PlayStation ជាងលេងនៅលើកុំព្យូទ័រ។"
S633,tech,"អ្នកអាច stream ហ្គេមនៅលើ Twitch ហើយរកលុយបានតាមរយៈការ donate ពីអ្នកមើល។"
S634,tech,"កាស gaming នេះមានមុខងារ surround sound អាចស្តាប់លឺសម្លេងជើងសត្រូវច្បាស់ល្អ។"
S635,tech,"ខ្ញុំបាន pre-order ហ្គេមថ្មីមួយនេះរួចហើយ ចាំតែដល់ថ្ងៃ release ទេនឹងបានលេង។"
S636,tech,"controller របស់ខ្ញុំខូច analog stick ម្ខាង អញ្ចឹងលេងហ្គេមមិនសូវស្រួលទេ។"
S637,tech,"អ្នកអាចប្រើ cloud gaming ដើម្បីលេងហ្គេមធ្ងន់ៗ ដោយមិនបាច់ទិញម៉ាស៊ីនថ្លៃៗ។"
S638,tech,"កុំព្យូទ័រនេះមានប្រព័ន្ធ water cooling ជួយកាត់បន្ថយកម្តៅបានយ៉ាងល្អ។"
S639,tech,"ខ្ញុំទើបតែ install កម្មវិធី antivirus ថ្មី ព្រោះខ្លាចឆ្លងមេរោគពី flash drive អ្នកដទៃ។"
S640,tech,"ទូរស័ព្ទនេះមានមុខងារ fast charging សាកថ្មត្រឹមតែ 30 នាទីពេញ 100 ភាគរយ។"
S641,tech,"ខ្ញុំតែងតែ clear cache ជាប្រចាំ ដើម្បីអោយទូរស័ព្ទដើរលឿននិងមិនសូវស៊ី memory។"
S642,school,"ខ្ញុំយក major Data Science ព្រោះឥឡូវទីផ្សារការងារកំពុងតែត្រូវការអ្នកជំនាញខាង data ច្រើន។"
S643,school,"semester នេះខ្ញុំត្រូវរៀនមុខវិជ្ជា Statistics និង Machine Learning កម្រិតដំបូង។"
S644,school,"គ្រូអោយយើងវិភាគ dataset មួយនេះ ដោយប្រើកម្មវិធី R ឬក៏ Python ក៏បាន។"
S645,school,"ការធ្វើ data visualization ពិតជាសំខាន់ ដើម្បីអោយអ្នកមើលងាយយល់ពីលទ្ធផល។"
S646,school,"ខ្ញុំកំពុងរកទិញសៀវភៅ textbook ទាក់ទងនឹង Big Data មកអានបន្ថែម។"
S647,school,"និស្សិតស្ថាបត្យកម្មត្រូវចំណាយពេលច្រើនណាស់ ក្នុងការធ្វើ model និងគូរ plan។"
S648,school,"សុំជួយ render រូបភាព 3D នេះអោយខ្ញុំផង ព្រោះកុំព្យូទ័រខ្ញុំដើរលែងរួចហើយ។"
S649,school,"project លើកនេះ គឺតម្រូវអោយយើង design អគារពាណិជ្ជកម្មដែលមានលក្ខណៈ eco-friendly។"
S650,school,"ខ្ញុំត្រូវចុះ site ផ្ទាល់ដើម្បីវាស់វែង និងយកទិន្នន័យមកគូរក្នុង AutoCAD។"
S651,school,"មុខវិជ្ជា Interior Design នេះទាមទារអោយយើងមានភាពច្នៃប្រឌិតនិងគំនិតថ្មីៗ។"
S652,school,"សាកលវិទ្យាល័យមានរៀបចំកន្លែង co-working space សម្រាប់និស្សិតធ្វើការងារក្រុម។"
S653,school,"ខ្ញុំចូលចិត្តទៅអានសៀវភៅនៅ library ព្រោះវាស្ងាត់ ហើយមាន Wi-Fi លឿន។"
S654,school,"ថ្ងៃនេះកង់ទីនសាលាមនុស្សច្រើនណាស់ រកតែកន្លែងអង្គុយញ៉ាំបាយសឹងមិនបាន។"
S655,school,"ខ្ញុំមានអារម្មណ៍ថា stress ខ្លាំងណាស់ ព្រោះជិតដល់សប្តាហ៍ប្រឡង final ហើយ។"
S656,school,"អ្នកទៅ clinic ក្នុងសាលាបានទេ? ខ្ញុំលឺថាគ្រូពេទ្យ on duty រៀងរាល់ថ្ងៃ។"
S657,school,"សាលានឹងរៀបចំកម្មវិធី orientation សម្រាប់និស្សិតឆ្នាំទីមួយនៅសប្តាហ៍ក្រោយ។"
S658,school,"ខ្ញុំកំពុងតែ apply សុំអាហារូបករណ៍ទៅរៀនថ្នាក់អនុបណ្ឌិតនៅប្រទេសអូស្ត្រាលី។"
S659,school,"តើអ្នកបានត្រៀមខ្លួនសម្រាប់ធ្វើ thesis defense នៅខែក្រោយហើយឬនៅ?"
S660,school,"មិត្តភក្តិខ្ញុំគាត់ fail មុខវិជ្ជានេះ អញ្ចឹងគាត់ត្រូវ retake class នេះម្តងទៀតនៅឆ្នាំក្រោយ។"
S661,school,"ខ្ញុំទើបតែបង់ tuition fee រួចរាល់ ឥឡូវអាចចូលរៀនបានធម្មតាហើយ។"
S662,school,"គ្រូគាត់ strict ណាស់រឿង attendance បើអវត្តមានច្រើនដង គាត់អោយធ្លាក់យកតែម្តង។"
S663,school,"ខ្ញុំសុំច្បាប់ leave of absence មួយអាទិត្យ ព្រោះត្រូវទៅចូលរួមកម្មវិធីគ្រួសារនៅខេត្ត។"
S664,school,"assignment នេះត្រូវ submit ចូលក្នុង Google Classroom មុនម៉ោង 12 យប់នេះ។"
S665,school,"យើងមាន group chat នៅក្នុង Telegram ដើម្បីងាយស្រួលពិភាក្សារឿង homework។"
S666,school,"សូមជួយ share slide មេរៀនថ្ងៃមុនមកអោយខ្ញុំផង ព្រោះខ្ញុំអត់បានចូលរៀន។"
S667,school,"ការចូលរួមក្នុង club កីឡារបស់សាលា ជួយអោយយើងមានសុខភាពល្អ និងស្គាល់មិត្តភក្តិច្រើន។"
S668,school,"សាលាយើងមានផ្តល់ short course ទាក់ទងនឹងការនិយាយជាសាធារណៈ។"
S669,school,"ខ្ញុំមានអារម្មណ៍ថា culture shock បន្តិច ពេលទើបតែមកតាំងទីលំនៅរៀននៅទីក្រុងភ្នំពេញ។"
S670,school,"អ្នកអាចសុំ consultation ពីសាស្ត្រាចារ្យ បើមានសំនួរឬមិនយល់ត្រង់ចំណុចណាមួយ។"
S671,school,"ការធ្វើ volunteer work ពិតជាមានសារៈសំខាន់ណាស់ សម្រាប់ដាក់បញ្ចូលក្នុង CV របស់យើង។"
S672,school,"ខ្ញុំកំពុងរៀបចំ portfolio ដើម្បីយកទៅបង្ហាញនៅថ្ងៃ career fair របស់សាលា។"
S673,school,"សុំជួយ proofread អត្ថបទ essay នេះអោយខ្ញុំផង ក្រែងលោមានកំហុស grammar។"
S674,school,"ខ្ញុំចូលចិត្តរៀនអនឡាញ ព្រោះមិនបាច់ចំណាយពេលធ្វើដំណើរ និងអាច record ទុកមើលម្តងទៀតបាន។"
S675,school,"មុខវិជ្ជានេះមាន credit ច្រើន អញ្ចឹងខ្ញុំត្រូវខំប្រឹងរៀនអោយបានពិន្ទុល្អ។"
S676,school,"តើអ្នកមានគម្រោងទៅធ្វើ internship នៅក្រុមហ៊ុនណាដែរ សម្រាប់ summer នេះ?"
S677,school,"ខ្ញុំកំពុងរង់ចាំ graduation ceremony នៅចុងឆ្នាំ ហើយចង់ post រូបជាមួយ batch ខ្លួនឯងផ្ទាល់។"
S678,school,"ខ្ញុំកំពុងតែសិក្សាពី case study របស់ក្រុមហ៊ុនជោគជ័យមួយចំនួន ដើម្បីធ្វើរបាយការណ៍។"
S679,school,"និស្សិតត្រូវមាន critical thinking ទើបអាចដោះស្រាយបញ្ហាស្មុគស្មាញបាន។"
S680,school,"សុំកុំភ្លេចយក student ID card មកផង ព្រោះសន្តិសុខនឹងឆែកមុនពេលចូលប្រឡង។"
S681,school,"ខ្ញុំសង្ឃឹមថានឹងបាន graduation អោយបានឆាប់ ដើម្បីចេញទៅរកការងារធ្វើជួយគ្រួសារ។"